{"x/lr2":0.0008919999999999996,"best/recall":0.33490262014852185,"_timestamp":1.7329142518662546e+09,"val/box_loss":2.2113449573516846,"Labels":{"count":2,"filenames":["media/images/Labels_0_7aad7884809d3a6ff400.jpg","media/images/Labels_0_a098c9e2d24e3589d128.jpg"],"captions":["labels.jpg","labels_correlogram.jpg"],"_type":"images/separated","width":1600,"height":1600,"format":"jpg"},"best/precision":0.390080197044242,"train/box_loss":1.7113280296325684,"metrics/mAP_0.5:0.95":0.11738142731904166,"_runtime":501.073353799,"x/lr1":0.0008919999999999996,"val/cls_loss":2.1948013305664062,"metrics/mAP_0.5":0.3213874161752131,"best/mAP_0.5":0.3212713357675023,"best/mAP_0.5:0.95":0.11728638442358519,"_wandb":{"runtime":501},"x/lr0":0.0008919999999999996,"metrics/recall":0.33490262014852185,"Results":{"format":"png","count":6,"filenames":["media/images/Results_25_33f5e1712634a458bae8.png","media/images/Results_25_94a3a94f54e4b7f56407.png","media/images/Results_25_34e4a4ae5849b9db2541.png","media/images/Results_25_e98bbc438b5c2613c193.png","media/images/Results_25_e73af4d71389edd57019.png","media/images/Results_25_9adb4d817c1f0f0decaf.png"],"captions":["results.png","confusion_matrix.png","F1_curve.png","PR_curve.png","P_curve.png","R_curve.png"],"_type":"images/separated","width":2400,"height":1200},"Mosaics":[],"best/epoch":24,"Validation":[],"_step":25,"metrics/precision":0.3785844249327956,"BoundingBoxDebugger":{"count":16,"filenames":["media/images/BoundingBoxDebugger_23_343960b11a45f8a2ed44.png","media/images/BoundingBoxDebugger_23_fd2ecceaf7540a12edd0.png","media/images/BoundingBoxDebugger_23_b1d90b0dd2b1408d7bda.png","media/images/BoundingBoxDebugger_23_31f7bcfc27553ef775a0.png","media/images/BoundingBoxDebugger_23_4dd109bab655cf0c1e71.png","media/images/BoundingBoxDebugger_23_8ca38af8eb226963c4e1.png","media/images/BoundingBoxDebugger_23_2f59af6351efd12f54b7.png","media/images/BoundingBoxDebugger_23_810b129a52946f8a4931.png","media/images/BoundingBoxDebugger_23_8b10cb497fba8215e376.png","media/images/BoundingBoxDebugger_23_c49fb2b126cbe30f3762.png","media/images/BoundingBoxDebugger_23_5ccb583d31745477c1a9.png","media/images/BoundingBoxDebugger_23_1d047242d1369c3fb93a.png","media/images/BoundingBoxDebugger_23_3b970ba06659f1c6b389.png","media/images/BoundingBoxDebugger_23_3de464f41bcec16341ac.png","media/images/BoundingBoxDebugger_23_0a66812a24440a09cb20.png","media/images/BoundingBoxDebugger_23_13051999aa1b095511e1.png"],"captions":["-24-11-2024-203253_jpg.rf.3be9f96eb6b6e10aa9ddb2ef8d71ebbe.jpg","Screenshot-2024-11-24-at-14-04-36_png.rf.00065e2a3639690e63aaf189c7b28e6d.jpg","Screenshot-2024-11-24-at-14-02-52_png.rf.4e74d22bfb0d3b6102a26bb45249eb21.jpg","Screenshot-2024-11-24-at-14-02-33_png.rf.4fbefaeaf8a56054c2c8cfaf6faefaf5.jpg","Screenshot-2024-11-24-at-14-02-13_png.rf.bd48a252eab36ed9cc2b3d2f3ed1895c.jpg","Screenshot-2024-11-24-at-13-58-33_png.rf.cb5d670ad8dc4cb620f4a7e46793e51b.jpg","Screenshot-2024-11-24-at-13-57-40_png.rf.87decdf9b023d0986466896cfb7f5fd8.jpg","Screenshot-2024-11-24-at-14-05-52_png.rf.b130e71839953f1edc826adba0f7b753.jpg","Screenshot-2024-11-24-at-13-54-45_png.rf.2d0ef73f41507447df39d9dfb065d02a.jpg","Screenshot-2024-11-24-at-13-39-08_png.rf.0f554f74367b156368a825e04af43af9.jpg","Screenshot-2024-11-24-at-13-38-40_png.rf.2feab0c3914f58fc0bada3da37e988e6.jpg","Screenshot-2024-11-24-at-13-35-44_png.rf.fcb560e7931433f06d166ae279c464d7.jpg","Screenshot-2024-11-24-at-13-35-20_png.rf.42d14aee76bbac54572ac35c2d3c928c.jpg","Screenshot-2024-11-24-at-13-34-27_png.rf.77ab132f460d8056bb0981242ac1d8ea.jpg","Screenshot-2024-11-24-at-13-31-45_png.rf.8b9c8d6026875e84b9a37119d7f2e3d7.jpg","Screenshot-2024-11-24-at-13-47-21_png.rf.aad1857ae6f33c8ba04a4edd1d92433d.jpg"],"all_boxes":[{"predictions":{"size":27752,"path":"media/metadata/boxes2D/BoundingBoxDebugger_23_899f3051b142e8c63ea5.boxes2D.json","_type":"boxes2D","sha256":"899f3051b142e8c63ea5536fd33c9284127388ef0255c3d5df33ce281d79538b"}},{"predictions":{"size":22516,"path":"media/metadata/boxes2D/BoundingBoxDebugger_23_6e5004632c2059d4322d.boxes2D.json","_type":"boxes2D","sha256":"6e5004632c2059d4322d14a616ded6c019fb0da5719bc20f602bd90395248250"}},{"predictions":{"_type":"boxes2D","sha256":"fa7e30fdbb33cffceb188235fcbd8981bb9ef0b94eaa942afcb29712b2cb1607","size":15799,"path":"media/metadata/boxes2D/BoundingBoxDebugger_23_fa7e30fdbb33cffceb18.boxes2D.json"}},{"predictions":{"path":"media/metadata/boxes2D/BoundingBoxDebugger_23_39d3e4dbecb722949ac3.boxes2D.json","_type":"boxes2D","sha256":"39d3e4dbecb722949ac35326a161a3c019cbe7acc3789302e18664d7d9e844ca","size":16834}},{"predictions":{"path":"media/metadata/boxes2D/BoundingBoxDebugger_23_709571a915f4d857dbb5.boxes2D.json","_type":"boxes2D","sha256":"709571a915f4d857dbb5453707738a240b050e529f70f0672e975bb3c9b93a1f","size":31637}},{"predictions":{"_type":"boxes2D","sha256":"04783542273dfd7a7c223d41b1656322a854816023519c08681782103b4613c4","size":9200,"path":"media/metadata/boxes2D/BoundingBoxDebugger_23_04783542273dfd7a7c22.boxes2D.json"}},{"predictions":{"sha256":"7627caf4f6c2737408fad6c87de2b8c23b53ed0de8cd7a51d8d0c9d610025fde","size":13034,"path":"media/metadata/boxes2D/BoundingBoxDebugger_23_7627caf4f6c2737408fa.boxes2D.json","_type":"boxes2D"}},{"predictions":{"path":"media/metadata/boxes2D/BoundingBoxDebugger_23_0c8db1fa7db63c200f51.boxes2D.json","_type":"boxes2D","sha256":"0c8db1fa7db63c200f5138ad3ef3c97eb15145cfee6ab0987696b282d2248f14","size":12247}},{"predictions":{"_type":"boxes2D","sha256":"d165b7c6fd3e396a96c1e778d813099d013fe68c38e8560e732f2e155feaa4ec","size":12546,"path":"media/metadata/boxes2D/BoundingBoxDebugger_23_d165b7c6fd3e396a96c1.boxes2D.json"}},{"predictions":{"_type":"boxes2D","sha256":"599a8123dc7a95ada9ed3a7d3ee53790d006312b839aea5c143b57c21e6bb317","size":16088,"path":"media/metadata/boxes2D/BoundingBoxDebugger_23_599a8123dc7a95ada9ed.boxes2D.json"}},{"predictions":{"path":"media/metadata/boxes2D/BoundingBoxDebugger_23_de69c4382ef048d4b759.boxes2D.json","_type":"boxes2D","sha256":"de69c4382ef048d4b759513086189e6d723defd0109d37743cf5c3f105bdf64a","size":17096}},{"predictions":{"path":"media/metadata/boxes2D/BoundingBoxDebugger_23_b48c86463cdc6a3f6e6b.boxes2D.json","_type":"boxes2D","sha256":"b48c86463cdc6a3f6e6b31e920b8326cf22605d04d256eace003182444376438","size":4883}},{"predictions":{"size":18137,"path":"media/metadata/boxes2D/BoundingBoxDebugger_23_2376f697f4670d009bdc.boxes2D.json","_type":"boxes2D","sha256":"2376f697f4670d009bdc9a3c7b6639c6e996996ee641d8b0a9e7d92fbb3f8fb9"}},{"predictions":{"_type":"boxes2D","sha256":"4a6e922c3918b47c18a814e099f37971d00552b5d1d21071c517790cf0366aba","size":8937,"path":"media/metadata/boxes2D/BoundingBoxDebugger_23_4a6e922c3918b47c18a8.boxes2D.json"}},{"predictions":{"path":"media/metadata/boxes2D/BoundingBoxDebugger_23_af88d771ab1d2a075738.boxes2D.json","_type":"boxes2D","sha256":"af88d771ab1d2a0757389988f3fe46c79b6ef2e60c7cfd447e85d1a387968349","size":10443}},{"predictions":{"sha256":"c8bd24d0fecf1ec200412b5d9679e9de899b6709ced30ad81721f48a191afbb3","size":23372,"path":"media/metadata/boxes2D/BoundingBoxDebugger_23_c8bd24d0fecf1ec20041.boxes2D.json","_type":"boxes2D"}}],"_type":"images/separated","width":672,"height":672,"format":"png"},"train/dfl_loss":1.5340840816497803,"val/dfl_loss":1.94718599319458,"train/cls_loss":1.5604405403137207}